duplication	I:1-43040	43040	1.55443	0	2.833e-10	0	2.16479e-09	1
duplication	I:46441-52760	6320	1.27511	0	4.64751e+06	1.85935e-08	95547	1
deletion	I:65781-67520	1740	0	9.15934e-11	7.81741e-139	1	1	1
duplication	I:160281-166160	5880	1.80781	0	7.26972e+06	0	5.55503e+07	1
duplication	I:182401-184540	2140	1.55959	2.68103e-09	3.25869e+08	67041.9	7.45161e+06	1
duplication	I:196281-204140	7860	1.44805	0	1.90695e-08	0	0.000447975	1
deletion	I:204581-205340	760	0.391839	6.87189e-07	6711.05	1	1	1
duplication	I:206441-213920	7480	1.43811	0	1.42884e+06	0	1.09182e+07	1
deletion	I:213921-214180	260	0.013968	6.12971e-10	1.40795e-08	1	1	1
duplication	I:214501-230220	15720	1.58066	0	328.344	0	2508.98	1
duplication	II:1-30520	30520	1.4403	0	9.56933e-05	0	7.87324e-21	1
deletion	II:30601-31820	1220	0.485216	1.30633e-10	8.17165e+08	1	1	1
duplication	II:31821-36280	4460	1.54143	0	68407.3	3.88713e-10	8.09404e+06	1
duplication	II:222861-226980	4120	1.57343	0	154001	6.08562e-06	1.82216e+07	1
duplication	II:782821-813200	30380	1.4039	0	0.000110332	0	0.000843086	1
duplication	III:1-12420	12420	1.68192	0	2.06374e-18	0	4.84807e-14	1
duplication	III:13821-45400	31580	1.35458	0	3.25688e-05	0	0.000248869	1
duplication	III:80041-84780	4740	1.27798	4.95601e-08	35065	0.412479	2950.4	1
deletion	III:84781-88760	3980	0.371381	4.00433e-11	4.63707e-08	8.04912e-11	12.7154	1
deletion	III:90561-92500	1940	0.02808	8.21508e-11	1.2169e-64	1	1	1
deletion	III:104841-106840	2000	0.709994	0.000265838	2.29826e+07	1	1	1
deletion	III:148601-151720	3120	0.00582	5.10809e-11	2.86057e-109	1.42297e-10	2.51518e-48	1
duplication	III:288681-316640	27960	1.55113	0	0.00129222	0	3.54547e-18	1
duplication	IV:1-34540	34540	1.54909	0	1.60588e-06	0	1.2271e-05	1
deletion	IV:352861-355380	2520	0.00720572	6.32431e-11	1.4095e-86	3.06486e-10	2.28117e-35	1
duplication	IV:512721-515000	2280	1.59921	0	0.833062	3731.36	1.93544e+08	1
duplication	IV:528621-538320	9700	1.80948	0	149508	0	1.14244e+06	1
duplication	IV:645161-652040	6880	1.45795	0	212.176	0	25104.9	1
duplication	IV:667981-669320	1340	1.38763	0.0459265	3.3847e+06	1	1	1
duplication	IV:876081-884200	8120	1.41331	0	11.0001	0	1301.55	1
duplication	IV:987381-992560	5180	2.01215	0	0.0137203	0	322.314	1
duplication	IV:1095561-1101740	6180	1.70595	0	4.0437e-17	0	9.39466e-09	1
duplication	IV:1206721-1212600	5880	2.29142	0	0.000405084	0	9.5161	1
duplication	IV:1513581-1531940	18360	1.90149	0	22.4154	0	5.0577e-27	1
duplication	IX:1-2220	2220	1.83547	0	1.48477	164568	6.91887e+07	1
duplication	IX:4501-18460	13960	1.70398	0	9.72865e-06	0	0.00115111	1
deletion	IX:18741-18980	240	0.015132	5.31242e-09	3.02053e-07	1	1	1
duplication	IX:18981-22200	3220	1.63087	0	263.549	0.000131967	6.19121e+06	1
deletion	IX:23041-23440	400	0.172505	0.000229547	41545.4	1	1	1
duplication	IX:23441-52120	28680	1.35618	0	0.000621436	0	0.00474859	1
duplication	IX:125261-127020	1760	1.39077	6.26461e-06	124.699	1	1	1
duplication	IX:196101-197700	1600	1.65015	6.57412e-09	914748	1	1	1
duplication	IX:270301-273060	2760	1.42109	6.76756e-08	2667.91	168.025	6.26738e+07	1
duplication	IX:277761-289100	11340	1.25668	0	0.00505551	0	0.598175	1
duplication	IX:293681-439900	146220	1.4297	0	7.755e-56	0	5.92585e-55	1
duplication	Mito:1-85780	85780	14.3023	0	9.76139e-179	0	2.29312e-174	1
duplication	V:1-40400	40400	1.43424	0	4.14982e-09	0	3.17101e-08	1
deletion	V:115921-117060	1140	0.00955706	1.398e-10	2.19822e-34	1	1	1
deletion	V:192041-196200	4160	0.744669	3.83107e-11	5.63419e+08	0.00350763	1.23263e+09	1
duplication	V:248281-250540	2260	1.27752	0.0271031	2.88438e+08	443780	7.75915e+08	1
duplication	V:443481-449300	5820	2.30381	0	0.000547863	0	12.8702	1
duplication	V:492641-499620	6980	1.6072	0	167.126	0	19774.5	1
duplication	V:548141-570660	22520	1.4788	0	0.326254	0	2.49301	1
duplication	V:575161-575880	720	2.03273	6.59625e-08	6.3582	1	1	1
duplication	VI:1-37060	37060	1.43797	0	1.23857e-07	0	1.3099e-27	1
duplication	VI:137041-138520	1480	1.42568	0.0385948	6.37512e+08	1	1	1
duplication	VI:232021-270140	38120	1.44896	0	4.21542e-08	0	3.22114e-07	1
duplication	VII:1-45240	45240	1.48944	0	3.02525e-11	0	2.31169e-10	1
duplication	VII:318121-319460	1340	1.41202	0.0257804	3.3847e+06	1	1	1
deletion	VII:451301-454020	2720	0.698298	5.85928e-11	2849.13	16.4235	7.39467e+07	1
duplication	VII:535821-541680	5860	2.22921	0	0.000447975	0	10.5237	1
duplication	VII:561881-564360	2480	2.00621	0	1.65494e-09	0.000306335	3.91284	1
duplication	VII:777901-779500	1600	1.34372	0.00188692	582.307	1	1	1
duplication	VII:817641-823180	5540	1.55363	0	1.92279e-14	0	4.46718e-06	1
duplication	VII:930721-934260	3540	1.32854	1.87285e-08	7.84919e+07	0.280174	5.99782e+08	1
duplication	VII:1059581-1084580	25000	1.51456	0	3.50545e-17	0	4.1477e-15	1
duplication	VIII:1-36300	36300	1.5166	0	6.79106e-29	0	8.03528e-27	1
duplication	VIII:42181-46760	4580	1.3488	0	2.72632e+07	4.81095e-06	6600.15	1
duplication	VIII:84781-92460	7680	1.41626	0	31.4392	0	3719.92	1
duplication	VIII:132961-134180	1220	1.5003	0.00144659	22631.4	1	1	1
deletion	VIII:175601-177400	1800	0.621421	8.85403e-11	305666	1	1	1
duplication	VIII:212381-216240	3860	9.56468	0	1.45985e-62	0	0	1
duplication	VIII:516681-557120	40440	1.57247	0	3.98442e-09	0	3.04463e-08	1
deletion	VIII:557721-557960	240	0.030264	1.62693e-07	3.02053e-07	1	1	1
duplication	VIII:557961-562660	4700	2.26091	0.000414269	2.41317e+07	9.26249e-06	4.56455e+06	1
duplication	X:1-39900	39900	1.53874	0	2.24424e-08	0	1.61645e-07	1
deletion	X:289761-296320	6560	0.691321	2.42946e-11	1.63491e+08	3.49501e-11	3.91675e+08	1
duplication	X:472361-483960	11600	1.96714	0	7.73264e-16	0	1.33194e-11	1
deletion	X:577261-579860	2600	0.732754	3.19235e-07	3.30915e+06	153480	6.02504e+08	1
deletion	X:638141-640300	2160	0.654454	3.52685e-08	2.79667e+09	280070	1.67656e+08	1
duplication	X:715141-731480	16340	1.4683	0	1.08736e-07	0	1.11267e-05	1
deletion	X:733141-733400	260	0.0413985	1.77333e-06	0.000110754	1	1	1
deletion	X:733881-734120	240	0.0448484	8.69908e-07	2.10294e-07	1	1	1
deletion	X:734661-734900	240	0	0.00465697	8.954e-12	1	1	1
duplication	X:735181-745760	10580	1.58165	0	83541.3	0	601718	1
duplication	XI:1-37320	37320	1.47807	0	5.95217e-30	0	7.04269e-28	1
duplication	XI:40701-42540	1840	1.42307	0.000236946	273396	1	1	1
deletion	XI:67941-70260	2320	0.704421	3.55016e-07	1.1578e+09	2561.5	1.28215e+08	1
duplication	XI:301601-303920	2320	1.26013	0.0390107	24421.5	276831	1.31661e+08	1
deletion	XI:383001-385100	2100	0.66235	1.01695e-08	1.80538e+07	4.29523e+06	5.21291e+08	1
duplication	XI:489881-491920	2040	1.31915	0.0265762	99931	2.19793e+07	9.48892e+08	1
duplication	XI:638221-647100	8880	1.49316	0	1.79322	0	212.176	1
duplication	XI:649881-666820	16940	1.62611	0	94.972	0	9.38106e-07	1
deletion	XII:441-700	260	0.055872	1.77149e-07	1.40795e-08	1	1	1
duplication	XII:701-1760	1060	1.55888	0.0279666	1.385e+07	1	1	1
duplication	XII:1961-47260	45300	1.46622	0	2.8462e-11	0	2.17488e-10	1
duplication	XII:215061-216580	1520	1.38816	0.0499769	1.36816e+06	1	1	1
deletion	XII:216581-217700	1120	0.470173	0.00167141	1.92273e+08	1	1	1
duplication	XII:217821-220060	2240	1.59372	0	1.22461	23225.9	3.74226e+06	1
duplication	XII:451361-471920	20560	44.7902	0	1.40263e-12	0	1.65962e-10	1
deletion	XII:471921-472180	260	0.097776	0.000376953	0.421277	1	1	1
duplication	XII:472181-475840	3660	1.25224	0.0302845	6.9476e+07	212547	5.30888e+08	1
duplication	XII:475981-479640	3660	1.96666	0	461666	0	0.00177624	1
deletion	XII:479641-479900	260	0.06984	5.52735e-05	0.000163136	1	1	1
duplication	XII:479901-481700	1800	1.61812	1.11561e-08	334357	1	1	1
deletion	XII:481881-482020	140	0	67.2307	0.00384583	1	1	1
duplication	XII:482281-489240	6960	1.64991	0	2.42441e+06	0	1.85257e+07	1
duplication	XII:490041-490320	280	8.05455	0.00307695	2.98832e-169	1	1	1
duplication	XII:593261-599140	5880	1.95728	0	0.000405084	0	9.5161	1
deletion	XII:610281-611580	1300	0.676052	0.000140046	9403.25	1	1	1
deletion	XII:645381-649280	3900	0.719818	4.08647e-11	6.2378e+08	0.00203061	1.36468e+09	1
duplication	XII:651401-656760	5360	2.29961	0	7984.07	0	944685	1
deletion	XII:727021-728060	1040	0.649512	0.0252988	1.45427e+07	1	1	1
duplication	XII:944781-947520	2740	1.55738	0	4.14894e+06	0.0466804	10367.5	1
duplication	XII:976041-980400	4360	1.36271	0	3.40978e+07	0.000157525	2.60552e+08	1
duplication	XII:1063841-1078180	14340	2.2988	0	1335.72	0	3.08668e-18	1
duplication	XIII:1-14420	14420	1.59144	0	8.78496e-23	0	2.06374e-18	1
duplication	XIII:184321-190120	5800	1.97676	0	1.57159e-15	0	3.65124e-07	1
duplication	XIII:197041-198380	1340	1.79687	9.51478e-10	3.3847e+06	1	1	1
deletion	XIII:198381-198640	260	0.153648	0.0171592	0.421277	1	1	1
duplication	XIII:198641-202360	3720	2.27078	0	1.25648e-18	0	6.06624e-12	1
duplication	XIII:289481-290660	1180	1.43728	0.000699445	1.71762e+08	1	1	1
duplication	XIII:356961-362040	5080	1.507	0	15575.9	0	1.84296e+06	1
duplication	XIII:372681-378180	5500	1.77952	0	0.00274169	0	5.2138e-17	1
duplication	XIII:891641-924400	32760	1.43538	0	9.81144e-06	0	7.49724e-05	1
duplication	XIV:1521-10360	8840	1.45432	0	1.97285	0	233.43	1
duplication	XIV:96581-100680	4100	1.85481	0	2.03014e-08	0	4.71657	1
duplication	XIV:101861-103260	1400	1.53309	0.000922618	6.91537e+08	1	1	1
deletion	XIV:195141-201880	6740	0.718254	2.36458e-11	2.05225e+08	3.36229e-11	30832.7	1
duplication	XIV:520421-525120	4700	1.41172	0	38577.6	1.16991e-07	4.56455e+06	1
duplication	XIV:561081-563780	2700	1.45671	9.20819e-09	4.56455e+06	327.049	8.47643e+07	1
duplication	XIV:595061-596420	1360	1.36455	0.00663167	1.11776e+08	1	1	1
duplication	XIV:725381-727080	1700	1.55521	1.50973e-06	553039	1	1	1
duplication	XIV:745321-784340	39020	1.61332	0	1.68817e-08	0	1.28998e-07	1
duplication	XV:1-29440	29440	1.59219	0	8.76081e-22	0	1.03659e-19	1
duplication	XV:35461-37480	2020	1.58212	0	110512	1	1	1
deletion	XV:74261-75220	960	0.665808	0.000515636	221.251	1	1	1
duplication	XV:117781-123460	5680	2.20714	0	0.00110825	0	2.47365e-18	1
duplication	XV:594061-600620	6560	1.5645	0	455.393	0	0.310705	1
duplication	XV:703561-709080	5520	1.37175	0	1.04831e+07	0.342211	8.01044e+07	1
deletion	XV:795541-798140	2600	0.747288	6.60722e-07	5.4002e+06	1008.95	8.44516e+06	1
duplication	XV:974441-976300	1860	1.78265	0	4.33198e+08	1	1	1
duplication	XV:1023461-1027940	4480	1.25325	6.79183e-07	65218.7	2.86743	7.71676e+06	1
duplication	XV:1061001-1091300	30300	1.73554	0	0.000119682	0	0.000914531	1
duplication	XVI:1-38800	38800	1.3733	0	2.11137e-08	0	1.61336e-07	1
duplication	XVI:56321-62980	6660	2.00779	0	358.701	0	42442	1
duplication	XVI:435681-441420	5740	1.2578	1.88804e-09	8.38184e+06	2.33589e-05	6.40484e+07	1
duplication	XVI:559841-561780	1940	1.38341	0.000631774	3.99356e+08	1	1	1
deletion	XVI:642341-648120	5780	0.711885	2.75731e-11	1.34123e+09	1.01189e-09	1.74532e+09	1
duplication	XVI:804661-810540	5880	2.17407	0	0.000405084	0	9.5161	1
duplication	XVI:844481-855860	11380	1.76765	0	3.86839e-16	0	9.0875e-12	1
duplication	XVI:926481-948080	21600	1.42913	0	0.831406	0	6.35304	1
